-- phpMyAdmin SQL Dump
-- version 5.2.1
-- https://www.phpmyadmin.net/
--
-- Host: 127.0.0.1
-- Generation Time: Jul 03, 2024 at 05:11 PM
-- Server version: 10.4.32-MariaDB
-- PHP Version: 8.2.12

SET FOREIGN_KEY_CHECKS=0;
SET SQL_MODE = "NO_AUTO_VALUE_ON_ZERO";
START TRANSACTION;
SET time_zone = "+00:00";


/*!40101 SET @OLD_CHARACTER_SET_CLIENT=@@CHARACTER_SET_CLIENT */;
/*!40101 SET @OLD_CHARACTER_SET_RESULTS=@@CHARACTER_SET_RESULTS */;
/*!40101 SET @OLD_COLLATION_CONNECTION=@@COLLATION_CONNECTION */;
/*!40101 SET NAMES utf8mb4 */;

--
-- Database: `abc`
--

-- --------------------------------------------------------

--
-- Stand-in structure for view `bestselling`
-- (See below for the actual view)
--
CREATE TABLE `bestselling` (
`ProductID` int(11)
,`Category` varchar(50)
,`Product` longtext
,`TotalAmount` decimal(40,4)
,`TotalPrice` decimal(40,6)
,`SupplierID` int(11)
,`Supplier` varchar(50)
,`SupplierType` varchar(50)
);

-- --------------------------------------------------------

--
-- Table structure for table `category`
--

CREATE TABLE `category` (
  `CategoryID` int(11) NOT NULL,
  `Name` varchar(50) CHARACTER SET utf8 COLLATE utf8_general_ci NOT NULL,
  `Status` int(11) NOT NULL
) ENGINE=InnoDB DEFAULT CHARSET=utf8mb4 COLLATE=utf8mb4_general_ci;

--
-- Dumping data for table `category`
--

INSERT INTO `category` (`CategoryID`, `Name`, `Status`) VALUES
(1, 'Electronics', 1),
(2, 'Books', 1),
(3, 'Clothing', 1),
(4, 'Home Appliances', 1),
(5, 'Sports', 1),
(6, 'Health & Beauty', 1),
(7, 'Automotive', 1),
(8, 'Toys & Games', 1),
(9, 'Furniture', 1),
(10, 'Fashion', 1);

-- --------------------------------------------------------

--
-- Table structure for table `customer`
--

CREATE TABLE `customer` (
  `CustomerID` int(11) NOT NULL,
  `Name` varchar(50) NOT NULL,
  `Email` longtext NOT NULL,
  `LastLoginTime` datetime(3) DEFAULT NULL,
  `Password` varchar(50) CHARACTER SET utf8 COLLATE utf8_general_ci NOT NULL,
  `Address` longtext NOT NULL,
  `TelephoneNum` varchar(50) CHARACTER SET utf8 COLLATE utf8_general_ci NOT NULL
) ENGINE=InnoDB DEFAULT CHARSET=utf8mb4 COLLATE=utf8mb4_general_ci;

--
-- Dumping data for table `customer`
--

INSERT INTO `customer` (`CustomerID`, `Name`, `Email`, `LastLoginTime`, `Password`, `Address`, `TelephoneNum`) VALUES
(1, 'John Doe', 'john.doe@example.com', '2024-06-20 10:23:54.000', 'password123', '123 Elm Street, Springfield, Country', '555-1234'),
(2, 'Jane Smith', 'jane.smith@example.com', '2024-06-21 12:34:56.000', 'password456', '456 Oak Street, Springfield, Country', '555-5678'),
(3, 'Michael Johnson', 'michael.johnson@example.com', '2024-06-22 14:45:12.000', 'password789', '789 Pine Street, Springfield, Country', '555-8765'),
(4, 'Emily Davis', 'emily.davis@example.com', '2024-06-23 16:56:34.000', 'password321', '101 Maple Street, Springfield, Country', '555-4321'),
(5, 'David Brown', 'david.brown@example.com', '2024-06-24 18:07:45.000', 'password654', '202 Birch Street, Springfield, Country', '555-3456'),
(6, 'Sarah Wilson', 'sarah.wilson@example.com', '2024-06-25 20:18:56.000', 'password987', '303 Cedar Street, Springfield, Country', '555-7890'),
(7, 'Chris Lee', 'chris.lee@example.com', '2024-06-26 22:29:18.000', 'passwordabc', '404 Walnut Street, Springfield, Country', '555-2345'),
(8, 'Anna Taylor', 'anna.taylor@example.com', '2024-06-27 08:40:29.000', 'passworddef', '505 Cherry Street, Springfield, Country', '555-6789'),
(9, 'James Anderson', 'james.anderson@example.com', '2024-06-28 10:51:40.000', 'passwordghi', '606 Aspen Street, Springfield, Country', '555-0123'),
(10, 'Jessica Martinez', 'jessica.martinez@example.com', '2024-06-29 12:03:51.000', 'passwordjkl', '707 Willow Street, Springfield, Country', '555-3450'),
(11, 'Daniel Thomas', 'daniel.thomas@example.com', '2024-06-30 14:14:02.000', 'passwordmno', '808 Poplar Street, Springfield, Country', '555-4567'),
(12, 'Laura Garcia', 'laura.garcia@example.com', '2024-07-01 16:25:13.000', 'passwordpqr', '909 Dogwood Street, Springfield, Country', '555-5670'),
(13, 'Robert Harris', 'robert.harris@example.com', '2024-07-02 18:36:24.000', 'passwordstu', '1010 Redbud Street, Springfield, Country', '555-6781'),
(14, 'Linda Clark', 'linda.clark@example.com', '2024-07-03 20:47:35.000', 'passwordvwx', '1111 Sassafras Street, Springfield, Country', '555-7892'),
(15, 'Kevin Lewis', 'kevin.lewis@example.com', '2024-07-04 22:58:46.000', 'passwordyz1', '1212 Hickory Street, Springfield, Country', '555-8903'),
(16, 'Karen Walker', 'karen.walker@example.com', '2024-07-05 09:09:57.000', 'password234', '1313 Magnolia Street, Springfield, Country', '555-9014'),
(17, 'Brian Robinson', 'brian.robinson@example.com', '2024-07-06 11:21:08.000', 'password567', '1414 Linden Street, Springfield, Country', '555-0125'),
(18, 'Megan King', 'megan.king@example.com', '2024-07-07 13:32:19.000', 'password890', '1515 Dogwood Street, Springfield, Country', '555-1236'),
(19, 'Richard Scott', 'richard.scott@example.com', '2024-07-08 15:43:30.000', 'password123', '1616 Sycamore Street, Springfield, Country', '555-2347'),
(20, 'Nancy Adams', 'nancy.adams@example.com', '2024-07-09 17:54:41.000', 'password456', '1717 Cedar Street, Springfield, Country', '555-3458');

-- --------------------------------------------------------

--
-- Stand-in structure for view `customerpurchases`
-- (See below for the actual view)
--
CREATE TABLE `customerpurchases` (
`CustomerID` int(11)
,`Customer` varchar(50)
,`TotalPurchase` decimal(40,6)
);

-- --------------------------------------------------------

--
-- Stand-in structure for view `fashionproducts`
-- (See below for the actual view)
--
CREATE TABLE `fashionproducts` (
`ProductID` int(11)
,`Product` longtext
,`Comments` longtext
,`OrderMonth` varchar(64)
,`TotalOrders` bigint(21)
,`TotalQuantity` decimal(40,4)
);

-- --------------------------------------------------------

--
-- Table structure for table `image`
--

CREATE TABLE `image` (
  `ImageID` int(11) NOT NULL,
  `ProductID` int(11) NOT NULL,
  `Path` longtext NOT NULL,
  `Status` int(11) NOT NULL
) ENGINE=InnoDB DEFAULT CHARSET=utf8mb4 COLLATE=utf8mb4_general_ci;

--
-- Dumping data for table `image`
--

INSERT INTO `image` (`ImageID`, `ProductID`, `Path`, `Status`) VALUES
(1, 1, '/images/product1.jpg', 1),
(2, 2, '/images/product2.jpg', 1),
(3, 3, '/images/product3.jpg', 1),
(4, 4, '/images/product4.jpg', 1),
(5, 5, '/images/product5.jpg', 1),
(6, 6, '/images/product6.jpg', 1),
(7, 7, '/images/product7.jpg', 1),
(8, 8, '/images/product8.jpg', 1),
(9, 9, '/images/product9.jpg', 1),
(10, 10, '/images/product10.jpg', 1),
(11, 11, '/images/product11.jpg', 1),
(12, 12, '/images/product12.jpg', 1),
(13, 13, '/images/product13.jpg', 1),
(14, 14, '/images/product14.jpg', 1),
(15, 15, '/images/product15.jpg', 1),
(16, 16, '/images/product16.jpg', 1),
(17, 17, '/images/product17.jpg', 1),
(18, 18, '/images/product18.jpg', 1),
(19, 19, '/images/product19.jpg', 1),
(20, 20, '/images/product20.jpg', 1),
(21, 21, '/images/product21.jpg', 1),
(22, 22, '/images/product22.jpg', 1),
(23, 23, '/images/product23.jpg', 1),
(24, 24, '/images/product24.jpg', 1),
(25, 25, '/images/product25.jpg', 1),
(26, 26, '/images/product26.jpg', 1),
(27, 27, '/images/product27.jpg', 1),
(28, 28, '/images/product28.jpg', 1),
(29, 29, '/images/product29.jpg', 1),
(30, 30, '/images/product30.jpg', 1),
(31, 31, '/images/product31.jpg', 1),
(32, 32, '/images/product32.jpg', 1),
(33, 33, '/images/product33.jpg', 1),
(34, 34, '/images/product34.jpg', 1),
(35, 35, '/images/product35.jpg', 1),
(36, 36, '/images/product36.jpg', 1),
(37, 37, '/images/product37.jpg', 1),
(38, 38, '/images/product38.jpg', 1),
(39, 39, '/images/product39.jpg', 1),
(40, 40, '/images/product40.jpg', 1),
(41, 41, '/images/product41.jpg', 1),
(42, 42, '/images/product42.jpg', 1),
(43, 43, '/images/product43.jpg', 1),
(44, 44, '/images/product44.jpg', 1),
(45, 45, '/images/product45.jpg', 1),
(46, 46, '/images/product46.jpg', 1),
(47, 47, '/images/product47.jpg', 1),
(48, 48, '/images/product48.jpg', 1),
(49, 49, '/images/product49.jpg', 1),
(50, 50, '/images/product50.jpg', 1),
(51, 51, '/images/product51.jpg', 1),
(52, 52, '/images/product52.jpg', 1),
(53, 53, '/images/product53.jpg', 1),
(54, 54, '/images/product54.jpg', 1),
(55, 55, '/images/product55.jpg', 1),
(56, 56, '/images/product56.jpg', 1),
(57, 57, '/images/product57.jpg', 1),
(58, 58, '/images/product58.jpg', 1),
(59, 59, '/images/product59.jpg', 1),
(60, 60, '/images/product60.jpg', 1),
(61, 61, '/images/product61.jpg', 1),
(62, 62, '/images/product62.jpg', 1),
(63, 63, '/images/product63.jpg', 1),
(64, 64, '/images/product64.jpg', 1),
(65, 65, '/images/product65.jpg', 1),
(66, 66, '/images/product66.jpg', 1),
(67, 67, '/images/product67.jpg', 1),
(68, 68, '/images/product68.jpg', 1),
(69, 69, '/images/product69.jpg', 1),
(70, 70, '/images/product70.jpg', 1),
(71, 71, '/images/product71.jpg', 1),
(72, 72, '/images/product72.jpg', 1),
(73, 73, '/images/product73.jpg', 1),
(74, 74, '/images/product74.jpg', 1),
(75, 75, '/images/product75.jpg', 1),
(76, 76, '/images/product76.jpg', 1),
(77, 77, '/images/product77.jpg', 1),
(78, 78, '/images/product78.jpg', 1),
(79, 79, '/images/product79.jpg', 1),
(80, 80, '/images/product80.jpg', 1),
(81, 81, '/images/product81.jpg', 1),
(82, 82, '/images/product82.jpg', 1),
(83, 83, '/images/product83.jpg', 1),
(84, 84, '/images/product84.jpg', 1),
(85, 85, '/images/product85.jpg', 1),
(86, 86, '/images/product86.jpg', 1),
(87, 87, '/images/product87.jpg', 1),
(88, 88, '/images/product88.jpg', 1),
(89, 89, '/images/product89.jpg', 1),
(90, 90, '/images/product90.jpg', 1),
(91, 91, '/images/product91.jpg', 1),
(92, 92, '/images/product92.jpg', 1),
(93, 93, '/images/product93.jpg', 1),
(94, 94, '/images/product94.jpg', 1),
(95, 95, '/images/product95.jpg', 1),
(96, 96, '/images/product96.jpg', 1),
(97, 97, '/images/product97.jpg', 1),
(98, 98, '/images/product98.jpg', 1),
(99, 99, '/images/product99.jpg', 1),
(100, 100, '/images/product100.jpg', 1);

-- --------------------------------------------------------

--
-- Stand-in structure for view `numberofproducts`
-- (See below for the actual view)
--
CREATE TABLE `numberofproducts` (
`SupplierID` int(11)
,`Supplier` varchar(50)
,`Address` longtext
,`Telephone` varchar(50)
,`SupplierType` varchar(50)
,`Products_count` bigint(21)
);

-- --------------------------------------------------------

--
-- Table structure for table `orders`
--

CREATE TABLE `orders` (
  `OrdersID` int(11) NOT NULL,
  `CustomerID` int(11) NOT NULL,
  `Description` varchar(50) CHARACTER SET utf8 COLLATE utf8_general_ci NOT NULL,
  `Date` datetime(3) NOT NULL,
  `Status` int(11) NOT NULL
) ENGINE=InnoDB DEFAULT CHARSET=utf8mb4 COLLATE=utf8mb4_general_ci;

--
-- Dumping data for table `orders`
--

INSERT INTO `orders` (`OrdersID`, `CustomerID`, `Description`, `Date`, `Status`) VALUES
(1, 7, 'Order-10/5/16', '2024-07-05 00:00:00.000', 1),
(2, 2, 'Order-31/6/80', '2024-07-18 00:00:00.000', 1),
(3, 15, 'Order-29/16/45', '2024-07-01 00:00:00.000', 1),
(4, 1, 'Order-36/7/95', '2024-07-14 00:00:00.000', 1),
(5, 8, 'Order-43/9/9', '2024-07-17 00:00:00.000', 1),
(6, 7, 'Order-11/3/32', '2024-07-07 00:00:00.000', 1),
(7, 5, 'Order-21/19/63', '2024-07-14 00:00:00.000', 1),
(8, 15, 'Order-16/11/4', '2024-07-05 00:00:00.000', 1),
(9, 3, 'Order-36/15/27', '2024-06-21 00:00:00.000', 1),
(10, 7, 'Order-23/17/90', '2024-06-21 00:00:00.000', 1),
(11, 5, 'Order-11/19/85', '2024-06-24 00:00:00.000', 1),
(12, 1, 'Order-14/13/4', '2024-06-25 00:00:00.000', 1),
(13, 7, 'Order-35/10/54', '2024-07-03 00:00:00.000', 1),
(14, 12, 'Order-23/19/67', '2024-06-25 00:00:00.000', 1),
(15, 19, 'Order-11/2/29', '2024-07-08 00:00:00.000', 1),
(16, 6, 'Order-2/19/31', '2024-07-08 00:00:00.000', 1),
(17, 14, 'Order-26/14/45', '2024-07-12 00:00:00.000', 1),
(18, 7, 'Order-21/8/97', '2024-07-11 00:00:00.000', 1),
(19, 13, 'Order-38/2/99', '2024-07-08 00:00:00.000', 1),
(20, 4, 'Order-27/20/6', '2024-07-17 00:00:00.000', 1),
(21, 11, 'Order-23/16/73', '2024-07-14 00:00:00.000', 1),
(22, 19, 'Order-37/13/25', '2024-07-12 00:00:00.000', 1),
(23, 16, 'Order-15/11/74', '2024-07-07 00:00:00.000', 1),
(24, 18, 'Order-33/18/57', '2024-07-05 00:00:00.000', 1),
(25, 18, 'Order-36/19/82', '2024-06-20 00:00:00.000', 1),
(26, 12, 'Order-7/7/44', '2024-07-18 00:00:00.000', 1),
(27, 2, 'Order-14/12/51', '2024-07-01 00:00:00.000', 1),
(28, 1, 'Order-24/15/34', '2024-06-22 00:00:00.000', 1),
(29, 9, 'Order-16/11/57', '2024-06-25 00:00:00.000', 1),
(30, 4, 'Order-43/4/58', '2024-06-29 00:00:00.000', 1),
(31, 4, 'Order-12/9/75', '2024-07-14 00:00:00.000', 1),
(32, 10, 'Order-3/14/94', '2024-07-07 00:00:00.000', 1),
(33, 6, 'Order-6/19/66', '2024-06-20 00:00:00.000', 1),
(34, 8, 'Order-22/19/78', '2024-07-09 00:00:00.000', 1),
(35, 19, 'Order-21/1/7', '2024-07-02 00:00:00.000', 1),
(36, 7, 'Order-4/7/35', '2024-07-17 00:00:00.000', 1),
(37, 8, 'Order-45/17/8', '2024-06-21 00:00:00.000', 1),
(38, 19, 'Order-41/11/1', '2024-07-17 00:00:00.000', 1),
(39, 6, 'Order-23/6/46', '2024-07-02 00:00:00.000', 1),
(40, 20, 'Order-17/11/39', '2024-07-07 00:00:00.000', 1),
(41, 6, 'Order-3/20/77', '2024-07-06 00:00:00.000', 1),
(42, 9, 'Order-43/15/31', '2024-07-18 00:00:00.000', 1),
(43, 9, 'Order-22/17/94', '2024-06-22 00:00:00.000', 1),
(44, 15, 'Order-18/16/87', '2024-07-06 00:00:00.000', 1),
(45, 17, 'Order-18/20/34', '2024-06-24 00:00:00.000', 1),
(46, 17, 'Order-38/8/6', '2024-07-14 00:00:00.000', 1),
(47, 2, 'Order-30/16/3', '2024-07-15 00:00:00.000', 1),
(48, 17, 'Order-14/8/21', '2024-07-03 00:00:00.000', 1),
(49, 15, 'Order-2/7/94', '2024-07-01 00:00:00.000', 1),
(50, 13, 'Order-16/15/49', '2024-06-27 00:00:00.000', 1),
(51, 12, 'Order-9/18/57', '2024-06-20 00:00:00.000', 1),
(52, 2, 'Order-11/12/68', '2024-06-27 00:00:00.000', 1),
(53, 3, 'Order-35/2/33', '2024-07-06 00:00:00.000', 1),
(54, 3, 'Order-30/13/49', '2024-06-23 00:00:00.000', 1),
(55, 20, 'Order-18/5/69', '2024-07-07 00:00:00.000', 1),
(56, 17, 'Order-25/3/28', '2024-06-20 00:00:00.000', 1),
(57, 13, 'Order-8/16/32', '2024-06-20 00:00:00.000', 1),
(58, 19, 'Order-44/16/13', '2024-06-26 00:00:00.000', 1),
(59, 6, 'Order-30/14/65', '2024-06-21 00:00:00.000', 1),
(60, 18, 'Order-13/5/72', '2024-07-05 00:00:00.000', 1),
(61, 9, 'Order-36/9/92', '2024-06-21 00:00:00.000', 1),
(62, 15, 'Order-29/7/55', '2024-07-18 00:00:00.000', 1),
(63, 17, 'Order-23/19/58', '2024-06-27 00:00:00.000', 1),
(64, 11, 'Order-44/16/8', '2024-07-05 00:00:00.000', 1),
(65, 6, 'Order-36/1/1', '2024-07-06 00:00:00.000', 1),
(66, 16, 'Order-6/7/97', '2024-06-20 00:00:00.000', 1),
(67, 4, 'Order-42/3/22', '2024-07-15 00:00:00.000', 1),
(68, 6, 'Order-10/16/52', '2024-07-12 00:00:00.000', 1),
(69, 12, 'Order-18/8/38', '2024-06-20 00:00:00.000', 1),
(70, 13, 'Order-21/12/21', '2024-07-16 00:00:00.000', 1),
(71, 6, 'Order-2/6/99', '2024-06-27 00:00:00.000', 1),
(72, 2, 'Order-35/9/5', '2024-07-07 00:00:00.000', 1),
(73, 8, 'Order-25/16/67', '2024-07-14 00:00:00.000', 1),
(74, 5, 'Order-3/17/2', '2024-07-12 00:00:00.000', 1),
(75, 15, 'Order-32/12/68', '2024-07-09 00:00:00.000', 1),
(76, 16, 'Order-32/1/49', '2024-07-12 00:00:00.000', 1),
(77, 13, 'Order-35/16/77', '2024-07-19 00:00:00.000', 1),
(78, 3, 'Order-10/5/73', '2024-07-04 00:00:00.000', 1),
(79, 19, 'Order-36/11/23', '2024-06-21 00:00:00.000', 1),
(80, 13, 'Order-8/18/42', '2024-07-05 00:00:00.000', 1),
(81, 17, 'Order-17/19/79', '2024-07-19 00:00:00.000', 1),
(82, 12, 'Order-3/8/19', '2024-06-22 00:00:00.000', 1),
(83, 11, 'Order-43/17/82', '2024-06-27 00:00:00.000', 1),
(84, 9, 'Order-24/5/2', '2024-06-25 00:00:00.000', 1),
(85, 15, 'Order-3/15/3', '2024-07-16 00:00:00.000', 1),
(86, 18, 'Order-15/13/54', '2024-07-16 00:00:00.000', 1),
(87, 12, 'Order-23/12/3', '2024-07-07 00:00:00.000', 1),
(88, 18, 'Order-33/10/78', '2024-07-05 00:00:00.000', 1),
(89, 8, 'Order-8/1/39', '2024-07-06 00:00:00.000', 1),
(90, 3, 'Order-44/16/26', '2024-07-17 00:00:00.000', 1),
(91, 7, 'Order-38/3/89', '2024-07-16 00:00:00.000', 1),
(92, 14, 'Order-36/4/83', '2024-07-15 00:00:00.000', 1),
(93, 7, 'Order-40/9/56', '2024-06-27 00:00:00.000', 1),
(94, 7, 'Order-36/10/79', '2024-06-23 00:00:00.000', 1),
(95, 6, 'Order-4/17/70', '2024-06-21 00:00:00.000', 1),
(96, 2, 'Order-22/15/29', '2024-07-02 00:00:00.000', 1),
(97, 12, 'Order-15/7/29', '2024-07-06 00:00:00.000', 1),
(98, 5, 'Order-16/15/100', '2024-06-23 00:00:00.000', 1),
(99, 14, 'Order-23/6/35', '2024-07-11 00:00:00.000', 1),
(100, 14, 'Order-25/20/73', '2024-06-23 00:00:00.000', 1),
(101, 4, 'Order-35/3/30', '2024-07-18 00:00:00.000', 1),
(102, 11, 'Order-11/14/37', '2024-07-13 00:00:00.000', 1),
(103, 20, 'Order-5/10/24', '2024-07-10 00:00:00.000', 1),
(104, 14, 'Order-25/8/76', '2024-07-18 00:00:00.000', 1),
(105, 20, 'Order-13/2/88', '2024-07-16 00:00:00.000', 1),
(106, 17, 'Order-5/10/37', '2024-07-15 00:00:00.000', 1),
(107, 1, 'Order-5/14/22', '2024-07-11 00:00:00.000', 1),
(108, 9, 'Order-39/13/7', '2024-07-16 00:00:00.000', 1),
(109, 3, 'Order-6/20/28', '2024-07-14 00:00:00.000', 1),
(110, 10, 'Order-18/4/58', '2024-07-01 00:00:00.000', 1),
(111, 13, 'Order-20/9/51', '2024-07-17 00:00:00.000', 1),
(112, 9, 'Order-21/13/97', '2024-07-12 00:00:00.000', 1),
(113, 16, 'Order-15/5/61', '2024-07-16 00:00:00.000', 1),
(114, 20, 'Order-8/3/45', '2024-07-17 00:00:00.000', 1),
(115, 5, 'Order-40/19/24', '2024-07-11 00:00:00.000', 1),
(116, 13, 'Order-27/17/55', '2024-07-15 00:00:00.000', 1),
(117, 7, 'Order-23/8/83', '2024-06-24 00:00:00.000', 1),
(118, 12, 'Order-7/18/99', '2024-06-25 00:00:00.000', 1),
(119, 1, 'Order-3/13/61', '2024-06-26 00:00:00.000', 1),
(120, 7, 'Order-15/6/6', '2024-07-10 00:00:00.000', 1),
(121, 18, 'Order-31/12/36', '2024-07-18 00:00:00.000', 1),
(122, 19, 'Order-29/16/39', '2024-06-22 00:00:00.000', 1),
(123, 1, 'Order-20/1/48', '2024-07-18 00:00:00.000', 1),
(124, 18, 'Order-15/5/50', '2024-07-10 00:00:00.000', 1),
(125, 2, 'Order-19/20/38', '2024-07-04 00:00:00.000', 1),
(126, 13, 'Order-20/16/76', '2024-07-07 00:00:00.000', 1),
(127, 9, 'Order-37/20/42', '2024-07-07 00:00:00.000', 1),
(128, 3, 'Order-12/1/74', '2024-06-28 00:00:00.000', 1),
(129, 1, 'Order-29/8/23', '2024-07-15 00:00:00.000', 1),
(130, 17, 'Order-33/13/4', '2024-06-29 00:00:00.000', 1),
(131, 2, 'Order-43/13/56', '2024-06-22 00:00:00.000', 1),
(132, 16, 'Order-35/15/93', '2024-06-21 00:00:00.000', 1),
(133, 7, 'Order-27/18/65', '2024-07-19 00:00:00.000', 1),
(134, 9, 'Order-45/14/40', '2024-06-29 00:00:00.000', 1),
(135, 5, 'Order-5/2/100', '2024-06-27 00:00:00.000', 1),
(136, 7, 'Order-5/9/43', '2024-07-09 00:00:00.000', 1),
(137, 2, 'Order-18/10/99', '2024-06-25 00:00:00.000', 1),
(138, 14, 'Order-23/19/16', '2024-06-25 00:00:00.000', 1),
(139, 13, 'Order-39/13/12', '2024-06-26 00:00:00.000', 1),
(140, 6, 'Order-32/20/95', '2024-07-02 00:00:00.000', 1),
(141, 7, 'Order-41/17/54', '2024-07-01 00:00:00.000', 1),
(142, 1, 'Order-2/18/23', '2024-07-13 00:00:00.000', 1),
(143, 3, 'Order-10/11/62', '2024-07-12 00:00:00.000', 1),
(144, 16, 'Order-34/3/64', '2024-06-29 00:00:00.000', 1),
(145, 13, 'Order-36/18/40', '2024-07-14 00:00:00.000', 1),
(146, 20, 'Order-6/6/77', '2024-07-18 00:00:00.000', 1),
(147, 18, 'Order-29/19/67', '2024-07-11 00:00:00.000', 1),
(148, 19, 'Order-37/13/71', '2024-07-13 00:00:00.000', 1),
(149, 2, 'Order-19/20/79', '2024-07-18 00:00:00.000', 1),
(150, 17, 'Order-11/2/38', '2024-07-12 00:00:00.000', 1);

-- --------------------------------------------------------

--
-- Table structure for table `ordersdetail`
--

CREATE TABLE `ordersdetail` (
  `OrdersDetail` int(11) NOT NULL,
  `OrdersID` int(11) NOT NULL,
  `ProductID` int(11) NOT NULL,
  `Quantity` decimal(18,4) NOT NULL,
  `UnitID` int(11) NOT NULL,
  `Price` decimal(18,6) NOT NULL,
  `Status` int(11) NOT NULL
) ENGINE=InnoDB DEFAULT CHARSET=utf8mb4 COLLATE=utf8mb4_general_ci;

--
-- Dumping data for table `ordersdetail`
--

INSERT INTO `ordersdetail` (`OrdersDetail`, `OrdersID`, `ProductID`, `Quantity`, `UnitID`, `Price`, `Status`) VALUES
(1, 110, 39, 5.0000, 1, 174.330000, 1),
(2, 147, 89, 24.0000, 1, 292.070000, 1),
(3, 16, 26, 4.0000, 1, 255.920000, 1),
(4, 113, 43, 10.0000, 1, 172.170000, 1),
(5, 129, 26, 4.0000, 1, 388.300000, 1),
(6, 87, 78, 10.0000, 1, 102.090000, 1),
(7, 69, 98, 19.0000, 1, 274.110000, 1),
(8, 126, 12, 12.0000, 1, 419.580000, 1),
(9, 14, 15, 8.0000, 1, 493.230000, 1),
(10, 62, 96, 11.0000, 1, 480.100000, 1),
(11, 8, 53, 16.0000, 1, 380.680000, 1),
(12, 25, 12, 11.0000, 1, 200.760000, 1),
(13, 71, 36, 19.0000, 1, 370.740000, 1),
(14, 81, 63, 14.0000, 1, 257.720000, 1),
(15, 92, 100, 5.0000, 1, 360.260000, 1),
(16, 47, 91, 2.0000, 1, 347.640000, 1),
(17, 33, 26, 17.0000, 1, 230.050000, 1),
(18, 88, 3, 9.0000, 1, 453.940000, 1),
(19, 60, 83, 3.0000, 1, 196.280000, 1),
(20, 2, 65, 24.0000, 1, 171.630000, 1),
(21, 45, 44, 3.0000, 1, 83.870000, 1),
(22, 33, 55, 17.0000, 1, 440.620000, 1),
(23, 34, 52, 12.0000, 1, 172.240000, 1),
(24, 35, 16, 11.0000, 1, 463.430000, 1),
(25, 31, 20, 12.0000, 1, 255.960000, 1),
(26, 2, 21, 23.0000, 1, 111.200000, 1),
(27, 145, 11, 21.0000, 1, 56.960000, 1),
(28, 144, 25, 1.0000, 1, 362.430000, 1),
(29, 127, 56, 13.0000, 1, 400.310000, 1),
(30, 86, 76, 19.0000, 1, 11.870000, 1),
(31, 51, 7, 3.0000, 1, 45.860000, 1),
(32, 13, 82, 14.0000, 1, 324.860000, 1),
(33, 108, 14, 2.0000, 1, 36.810000, 1),
(34, 37, 30, 10.0000, 1, 473.290000, 1),
(35, 21, 36, 6.0000, 1, 46.980000, 1),
(36, 141, 85, 9.0000, 1, 459.530000, 1),
(37, 65, 40, 16.0000, 1, 147.950000, 1),
(38, 36, 82, 3.0000, 1, 414.800000, 1),
(39, 34, 91, 6.0000, 1, 450.600000, 1),
(40, 117, 76, 23.0000, 1, 476.300000, 1),
(41, 123, 4, 20.0000, 1, 19.900000, 1),
(42, 149, 47, 4.0000, 1, 432.490000, 1),
(43, 21, 2, 15.0000, 1, 449.110000, 1),
(44, 101, 68, 11.0000, 1, 397.680000, 1),
(45, 97, 90, 21.0000, 1, 61.270000, 1),
(46, 128, 8, 17.0000, 1, 459.460000, 1),
(47, 11, 70, 14.0000, 1, 462.370000, 1),
(48, 79, 97, 1.0000, 1, 354.120000, 1),
(49, 30, 55, 8.0000, 1, 385.290000, 1),
(50, 25, 29, 11.0000, 1, 362.420000, 1),
(51, 7, 39, 23.0000, 1, 296.410000, 1),
(52, 8, 5, 8.0000, 1, 439.100000, 1),
(53, 87, 72, 15.0000, 1, 445.310000, 1),
(54, 64, 29, 9.0000, 1, 416.350000, 1),
(55, 119, 26, 14.0000, 1, 468.950000, 1),
(56, 142, 97, 2.0000, 1, 350.230000, 1),
(57, 52, 63, 18.0000, 1, 367.250000, 1),
(58, 4, 17, 14.0000, 1, 148.570000, 1),
(59, 126, 36, 10.0000, 1, 225.260000, 1),
(60, 84, 80, 15.0000, 1, 307.280000, 1),
(61, 63, 64, 19.0000, 1, 432.090000, 1),
(62, 55, 7, 22.0000, 1, 213.780000, 1),
(63, 81, 98, 16.0000, 1, 170.040000, 1),
(64, 15, 74, 22.0000, 1, 179.310000, 1),
(65, 85, 90, 4.0000, 1, 316.090000, 1),
(66, 108, 24, 16.0000, 1, 353.220000, 1),
(67, 142, 2, 13.0000, 1, 147.400000, 1),
(68, 48, 97, 2.0000, 1, 303.070000, 1),
(69, 37, 28, 24.0000, 1, 272.870000, 1),
(70, 50, 89, 7.0000, 1, 201.480000, 1),
(71, 60, 35, 11.0000, 1, 144.740000, 1),
(72, 75, 6, 13.0000, 1, 287.060000, 1),
(73, 81, 97, 17.0000, 1, 463.450000, 1),
(74, 124, 91, 10.0000, 1, 6.720000, 1),
(75, 123, 21, 12.0000, 1, 271.090000, 1),
(76, 123, 13, 4.0000, 1, 376.360000, 1),
(77, 61, 85, 23.0000, 1, 321.510000, 1),
(78, 12, 22, 6.0000, 1, 207.130000, 1),
(79, 135, 75, 5.0000, 1, 435.800000, 1),
(80, 66, 2, 23.0000, 1, 334.520000, 1),
(81, 85, 22, 18.0000, 1, 152.070000, 1),
(82, 40, 47, 10.0000, 1, 186.260000, 1),
(83, 69, 55, 20.0000, 1, 32.360000, 1),
(84, 53, 92, 15.0000, 1, 153.650000, 1),
(85, 92, 37, 15.0000, 1, 454.460000, 1),
(86, 74, 57, 3.0000, 1, 334.020000, 1),
(87, 59, 46, 14.0000, 1, 379.150000, 1),
(88, 130, 96, 18.0000, 1, 155.350000, 1),
(89, 49, 78, 10.0000, 1, 314.870000, 1),
(90, 111, 75, 14.0000, 1, 146.650000, 1),
(91, 103, 36, 19.0000, 1, 63.680000, 1),
(92, 4, 81, 9.0000, 1, 145.490000, 1),
(93, 8, 12, 9.0000, 1, 367.260000, 1),
(94, 89, 95, 8.0000, 1, 160.390000, 1),
(95, 33, 1, 19.0000, 1, 102.650000, 1),
(96, 55, 88, 6.0000, 1, 40.650000, 1),
(97, 34, 58, 3.0000, 1, 262.590000, 1),
(98, 45, 24, 6.0000, 1, 344.150000, 1),
(99, 74, 73, 11.0000, 1, 437.570000, 1),
(100, 64, 78, 23.0000, 1, 275.940000, 1),
(101, 126, 84, 5.0000, 1, 455.380000, 1),
(102, 46, 86, 8.0000, 1, 8.850000, 1),
(103, 70, 35, 12.0000, 1, 228.120000, 1),
(104, 35, 61, 22.0000, 1, 481.490000, 1),
(105, 27, 30, 13.0000, 1, 112.300000, 1),
(106, 27, 100, 13.0000, 1, 292.950000, 1),
(107, 65, 100, 24.0000, 1, 332.460000, 1),
(108, 130, 41, 13.0000, 1, 335.960000, 1),
(109, 111, 98, 5.0000, 1, 75.660000, 1),
(110, 123, 71, 7.0000, 1, 485.940000, 1),
(111, 100, 36, 17.0000, 1, 108.540000, 1),
(112, 64, 87, 15.0000, 1, 235.860000, 1),
(113, 58, 5, 17.0000, 1, 263.980000, 1),
(114, 36, 17, 18.0000, 1, 270.740000, 1),
(115, 135, 55, 9.0000, 1, 233.080000, 1),
(116, 26, 44, 2.0000, 1, 392.260000, 1),
(117, 64, 38, 13.0000, 1, 483.100000, 1),
(118, 80, 94, 4.0000, 1, 299.020000, 1),
(119, 72, 69, 21.0000, 1, 172.060000, 1),
(120, 81, 28, 13.0000, 1, 207.450000, 1),
(121, 102, 91, 6.0000, 1, 389.870000, 1),
(122, 16, 41, 24.0000, 1, 439.120000, 1),
(123, 66, 9, 22.0000, 1, 230.880000, 1),
(124, 22, 94, 16.0000, 1, 267.330000, 1),
(125, 81, 72, 21.0000, 1, 398.960000, 1),
(126, 30, 46, 19.0000, 1, 330.480000, 1),
(127, 90, 3, 2.0000, 1, 35.470000, 1),
(128, 6, 67, 13.0000, 1, 29.120000, 1),
(129, 38, 92, 21.0000, 1, 34.640000, 1),
(130, 4, 29, 5.0000, 1, 256.560000, 1),
(131, 77, 68, 4.0000, 1, 62.830000, 1),
(132, 122, 56, 7.0000, 1, 110.260000, 1),
(133, 71, 42, 19.0000, 1, 469.810000, 1),
(134, 129, 53, 3.0000, 1, 6.650000, 1),
(135, 136, 28, 14.0000, 1, 158.810000, 1),
(136, 36, 63, 4.0000, 1, 452.130000, 1),
(137, 32, 8, 9.0000, 1, 240.970000, 1),
(138, 123, 98, 6.0000, 1, 51.010000, 1),
(139, 31, 86, 15.0000, 1, 307.820000, 1),
(140, 91, 32, 7.0000, 1, 381.440000, 1),
(141, 118, 31, 5.0000, 1, 8.360000, 1),
(142, 111, 39, 15.0000, 1, 362.350000, 1),
(143, 111, 89, 12.0000, 1, 370.490000, 1),
(144, 96, 10, 13.0000, 1, 147.250000, 1),
(145, 109, 42, 22.0000, 1, 64.830000, 1),
(146, 105, 70, 2.0000, 1, 362.910000, 1),
(147, 73, 27, 9.0000, 1, 188.190000, 1),
(148, 30, 2, 19.0000, 1, 312.790000, 1),
(149, 119, 99, 14.0000, 1, 109.490000, 1),
(150, 4, 41, 10.0000, 1, 310.620000, 1),
(151, 62, 28, 3.0000, 1, 114.710000, 1),
(152, 55, 9, 8.0000, 1, 148.030000, 1),
(153, 30, 89, 3.0000, 1, 255.680000, 1),
(154, 28, 61, 16.0000, 1, 84.030000, 1),
(155, 71, 6, 5.0000, 1, 469.890000, 1),
(156, 49, 90, 7.0000, 1, 127.710000, 1),
(157, 124, 77, 4.0000, 1, 45.820000, 1),
(158, 42, 80, 19.0000, 1, 265.070000, 1),
(159, 114, 74, 20.0000, 1, 432.770000, 1),
(160, 44, 100, 4.0000, 1, 165.090000, 1),
(161, 93, 26, 4.0000, 1, 346.010000, 1),
(162, 16, 11, 1.0000, 1, 57.350000, 1),
(163, 54, 98, 10.0000, 1, 310.580000, 1),
(164, 109, 59, 21.0000, 1, 180.050000, 1),
(165, 73, 43, 9.0000, 1, 424.140000, 1),
(166, 72, 54, 2.0000, 1, 78.180000, 1),
(167, 100, 54, 21.0000, 1, 124.040000, 1),
(168, 132, 18, 14.0000, 1, 15.620000, 1),
(169, 130, 38, 9.0000, 1, 149.350000, 1),
(170, 21, 26, 22.0000, 1, 19.360000, 1),
(171, 70, 41, 14.0000, 1, 391.760000, 1),
(172, 24, 68, 18.0000, 1, 111.810000, 1),
(173, 61, 86, 23.0000, 1, 214.980000, 1),
(174, 84, 91, 6.0000, 1, 385.750000, 1),
(175, 64, 83, 22.0000, 1, 325.510000, 1),
(176, 111, 100, 21.0000, 1, 405.350000, 1),
(177, 90, 45, 15.0000, 1, 267.040000, 1),
(178, 1, 26, 6.0000, 1, 319.110000, 1),
(179, 95, 14, 15.0000, 1, 293.630000, 1),
(180, 85, 37, 9.0000, 1, 397.910000, 1),
(181, 141, 73, 2.0000, 1, 345.310000, 1),
(182, 1, 56, 4.0000, 1, 48.280000, 1),
(183, 101, 68, 14.0000, 1, 478.390000, 1),
(184, 64, 9, 20.0000, 1, 489.920000, 1),
(185, 93, 18, 16.0000, 1, 257.770000, 1),
(186, 45, 28, 16.0000, 1, 198.940000, 1),
(187, 99, 91, 8.0000, 1, 185.580000, 1),
(188, 98, 68, 24.0000, 1, 46.210000, 1),
(189, 1, 13, 11.0000, 1, 348.280000, 1),
(190, 58, 97, 22.0000, 1, 302.000000, 1),
(191, 84, 69, 6.0000, 1, 17.550000, 1),
(192, 104, 66, 11.0000, 1, 360.350000, 1),
(193, 61, 99, 5.0000, 1, 56.670000, 1),
(194, 97, 39, 3.0000, 1, 312.780000, 1),
(195, 68, 96, 5.0000, 1, 91.460000, 1),
(196, 138, 20, 1.0000, 1, 2.590000, 1),
(197, 104, 26, 19.0000, 1, 468.650000, 1),
(198, 89, 25, 8.0000, 1, 341.770000, 1),
(199, 24, 87, 7.0000, 1, 252.510000, 1),
(200, 29, 54, 24.0000, 1, 487.810000, 1),
(201, 101, 55, 21.0000, 1, 63.280000, 1),
(202, 122, 99, 10.0000, 1, 328.850000, 1),
(203, 41, 99, 5.0000, 1, 456.340000, 1),
(204, 126, 25, 1.0000, 1, 229.210000, 1),
(205, 17, 45, 14.0000, 1, 423.400000, 1),
(206, 66, 69, 22.0000, 1, 487.320000, 1),
(207, 106, 72, 20.0000, 1, 164.780000, 1),
(208, 87, 93, 9.0000, 1, 433.240000, 1),
(209, 38, 71, 2.0000, 1, 288.160000, 1),
(210, 36, 33, 2.0000, 1, 174.380000, 1),
(211, 72, 12, 7.0000, 1, 241.410000, 1),
(212, 5, 63, 21.0000, 1, 433.760000, 1),
(213, 121, 38, 8.0000, 1, 7.720000, 1),
(214, 135, 37, 23.0000, 1, 182.200000, 1),
(215, 43, 83, 20.0000, 1, 80.950000, 1),
(216, 144, 99, 18.0000, 1, 71.100000, 1),
(217, 51, 13, 11.0000, 1, 397.080000, 1),
(218, 17, 28, 21.0000, 1, 457.950000, 1),
(219, 74, 32, 5.0000, 1, 390.960000, 1),
(220, 63, 12, 18.0000, 1, 201.600000, 1),
(221, 42, 96, 21.0000, 1, 214.840000, 1),
(222, 105, 59, 2.0000, 1, 134.910000, 1),
(223, 145, 9, 10.0000, 1, 376.340000, 1),
(224, 140, 11, 18.0000, 1, 190.440000, 1),
(225, 55, 29, 18.0000, 1, 428.680000, 1),
(226, 4, 9, 3.0000, 1, 52.510000, 1),
(227, 39, 29, 10.0000, 1, 215.220000, 1),
(228, 62, 1, 18.0000, 1, 76.930000, 1),
(229, 65, 49, 11.0000, 1, 365.350000, 1),
(230, 16, 33, 5.0000, 1, 362.460000, 1),
(231, 138, 38, 17.0000, 1, 349.670000, 1),
(232, 64, 1, 18.0000, 1, 69.720000, 1),
(233, 125, 35, 7.0000, 1, 175.220000, 1),
(234, 11, 57, 5.0000, 1, 454.510000, 1),
(235, 96, 39, 21.0000, 1, 402.030000, 1),
(236, 51, 15, 22.0000, 1, 134.560000, 1),
(237, 89, 22, 9.0000, 1, 95.150000, 1),
(238, 59, 11, 15.0000, 1, 343.340000, 1),
(239, 132, 76, 9.0000, 1, 470.980000, 1),
(240, 43, 54, 1.0000, 1, 82.300000, 1),
(241, 69, 58, 13.0000, 1, 123.600000, 1),
(242, 24, 19, 7.0000, 1, 276.820000, 1),
(243, 51, 89, 19.0000, 1, 339.370000, 1),
(244, 76, 64, 11.0000, 1, 136.610000, 1),
(245, 105, 30, 3.0000, 1, 244.070000, 1),
(246, 104, 27, 21.0000, 1, 123.680000, 1),
(247, 46, 64, 23.0000, 1, 41.060000, 1),
(248, 106, 19, 2.0000, 1, 349.560000, 1),
(249, 74, 29, 15.0000, 1, 403.090000, 1),
(250, 39, 14, 9.0000, 1, 154.540000, 1),
(251, 89, 72, 21.0000, 1, 86.130000, 1),
(252, 68, 16, 17.0000, 1, 55.820000, 1),
(253, 118, 90, 20.0000, 1, 99.430000, 1),
(254, 6, 7, 10.0000, 1, 390.260000, 1),
(255, 1, 76, 12.0000, 1, 105.890000, 1),
(256, 83, 100, 3.0000, 1, 127.690000, 1),
(257, 80, 72, 21.0000, 1, 51.670000, 1),
(258, 52, 66, 1.0000, 1, 372.090000, 1),
(259, 43, 14, 13.0000, 1, 465.140000, 1),
(260, 25, 58, 21.0000, 1, 382.620000, 1),
(261, 34, 55, 9.0000, 1, 252.270000, 1),
(262, 34, 59, 8.0000, 1, 391.110000, 1),
(263, 122, 20, 16.0000, 1, 377.070000, 1),
(264, 34, 12, 11.0000, 1, 16.470000, 1),
(265, 48, 61, 21.0000, 1, 465.600000, 1),
(266, 49, 85, 3.0000, 1, 377.290000, 1),
(267, 94, 44, 24.0000, 1, 67.440000, 1),
(268, 142, 20, 17.0000, 1, 165.490000, 1),
(269, 44, 73, 21.0000, 1, 346.960000, 1),
(270, 140, 5, 19.0000, 1, 186.730000, 1),
(271, 137, 91, 2.0000, 1, 97.650000, 1),
(272, 50, 54, 1.0000, 1, 387.920000, 1),
(273, 51, 59, 6.0000, 1, 248.430000, 1),
(274, 6, 38, 19.0000, 1, 250.500000, 1),
(275, 113, 91, 5.0000, 1, 294.730000, 1),
(276, 123, 25, 17.0000, 1, 150.130000, 1),
(277, 18, 53, 23.0000, 1, 298.010000, 1),
(278, 101, 19, 21.0000, 1, 34.290000, 1),
(279, 118, 100, 10.0000, 1, 181.810000, 1),
(280, 3, 99, 22.0000, 1, 34.270000, 1),
(281, 128, 33, 13.0000, 1, 221.280000, 1),
(282, 121, 4, 17.0000, 1, 306.520000, 1),
(283, 38, 62, 18.0000, 1, 318.520000, 1),
(284, 53, 55, 22.0000, 1, 416.260000, 1),
(285, 71, 9, 16.0000, 1, 399.520000, 1),
(286, 55, 70, 3.0000, 1, 185.730000, 1),
(287, 48, 6, 6.0000, 1, 276.700000, 1),
(288, 2, 80, 24.0000, 1, 228.190000, 1),
(289, 114, 63, 13.0000, 1, 182.720000, 1),
(290, 95, 2, 7.0000, 1, 234.210000, 1),
(291, 103, 100, 14.0000, 1, 101.780000, 1),
(292, 89, 27, 23.0000, 1, 147.510000, 1),
(293, 101, 61, 19.0000, 1, 148.490000, 1),
(294, 83, 85, 4.0000, 1, 347.110000, 1),
(295, 133, 17, 9.0000, 1, 340.980000, 1),
(296, 141, 22, 16.0000, 1, 340.930000, 1),
(297, 150, 67, 19.0000, 1, 177.690000, 1),
(298, 105, 39, 1.0000, 1, 6.800000, 1),
(299, 110, 46, 20.0000, 1, 370.940000, 1),
(300, 11, 27, 1.0000, 1, 214.350000, 1),
(301, 102, 20, 10.0000, 1, 267.370000, 1),
(302, 128, 6, 14.0000, 1, 282.160000, 1),
(303, 37, 51, 14.0000, 1, 475.240000, 1),
(304, 137, 32, 19.0000, 1, 92.420000, 1),
(305, 31, 2, 1.0000, 1, 155.820000, 1),
(306, 110, 66, 18.0000, 1, 209.210000, 1),
(307, 31, 45, 24.0000, 1, 22.540000, 1),
(308, 12, 34, 19.0000, 1, 443.400000, 1),
(309, 28, 55, 21.0000, 1, 431.340000, 1),
(310, 91, 74, 6.0000, 1, 48.130000, 1),
(311, 54, 100, 21.0000, 1, 317.800000, 1),
(312, 96, 12, 24.0000, 1, 12.650000, 1),
(313, 64, 71, 20.0000, 1, 432.410000, 1),
(314, 90, 3, 7.0000, 1, 36.390000, 1),
(315, 125, 10, 6.0000, 1, 309.940000, 1),
(316, 88, 19, 21.0000, 1, 213.820000, 1),
(317, 108, 97, 3.0000, 1, 209.020000, 1),
(318, 146, 90, 9.0000, 1, 167.840000, 1),
(319, 36, 36, 10.0000, 1, 414.320000, 1),
(320, 116, 39, 19.0000, 1, 356.940000, 1),
(321, 69, 65, 21.0000, 1, 418.300000, 1),
(322, 26, 66, 22.0000, 1, 251.040000, 1),
(323, 149, 25, 12.0000, 1, 342.680000, 1),
(324, 149, 37, 9.0000, 1, 331.840000, 1),
(325, 29, 82, 20.0000, 1, 217.050000, 1),
(326, 44, 49, 12.0000, 1, 279.120000, 1),
(327, 86, 95, 11.0000, 1, 32.390000, 1),
(328, 133, 36, 3.0000, 1, 15.700000, 1),
(329, 67, 72, 15.0000, 1, 448.980000, 1),
(330, 43, 19, 5.0000, 1, 475.960000, 1),
(331, 3, 64, 16.0000, 1, 173.350000, 1),
(332, 48, 42, 4.0000, 1, 193.020000, 1),
(333, 61, 83, 11.0000, 1, 470.660000, 1),
(334, 145, 34, 19.0000, 1, 349.380000, 1),
(335, 68, 38, 16.0000, 1, 401.550000, 1),
(336, 109, 15, 6.0000, 1, 206.250000, 1),
(337, 38, 58, 14.0000, 1, 470.990000, 1),
(338, 93, 66, 13.0000, 1, 432.080000, 1),
(339, 144, 87, 3.0000, 1, 24.480000, 1),
(340, 105, 71, 22.0000, 1, 366.370000, 1),
(341, 104, 59, 7.0000, 1, 236.130000, 1),
(342, 8, 88, 5.0000, 1, 36.900000, 1),
(343, 11, 100, 2.0000, 1, 110.120000, 1),
(344, 19, 4, 21.0000, 1, 261.450000, 1),
(345, 136, 97, 12.0000, 1, 29.920000, 1),
(346, 113, 4, 7.0000, 1, 55.040000, 1),
(347, 2, 49, 3.0000, 1, 58.450000, 1),
(348, 69, 61, 1.0000, 1, 204.420000, 1),
(349, 68, 70, 2.0000, 1, 485.500000, 1),
(350, 26, 73, 19.0000, 1, 158.640000, 1),
(351, 64, 73, 7.0000, 1, 315.980000, 1),
(352, 92, 61, 18.0000, 1, 258.050000, 1),
(353, 125, 5, 8.0000, 1, 330.830000, 1),
(354, 50, 40, 21.0000, 1, 198.580000, 1),
(355, 149, 93, 18.0000, 1, 31.640000, 1),
(356, 109, 28, 2.0000, 1, 460.640000, 1),
(357, 23, 23, 9.0000, 1, 424.120000, 1),
(358, 47, 17, 24.0000, 1, 273.400000, 1),
(359, 23, 53, 19.0000, 1, 87.650000, 1),
(360, 5, 53, 16.0000, 1, 74.430000, 1),
(361, 146, 35, 18.0000, 1, 112.090000, 1),
(362, 138, 66, 7.0000, 1, 220.420000, 1),
(363, 89, 34, 14.0000, 1, 60.490000, 1),
(364, 98, 69, 24.0000, 1, 211.330000, 1),
(365, 80, 92, 8.0000, 1, 243.870000, 1),
(366, 89, 97, 24.0000, 1, 329.670000, 1),
(367, 143, 62, 6.0000, 1, 183.520000, 1),
(368, 113, 71, 17.0000, 1, 228.660000, 1),
(369, 64, 53, 8.0000, 1, 12.950000, 1),
(370, 20, 17, 21.0000, 1, 424.610000, 1),
(371, 85, 68, 6.0000, 1, 76.880000, 1),
(372, 71, 6, 19.0000, 1, 206.000000, 1),
(373, 129, 71, 11.0000, 1, 328.010000, 1),
(374, 22, 31, 11.0000, 1, 153.500000, 1),
(375, 50, 83, 23.0000, 1, 335.330000, 1),
(376, 143, 32, 21.0000, 1, 110.940000, 1),
(377, 36, 22, 3.0000, 1, 475.690000, 1),
(378, 82, 8, 20.0000, 1, 475.250000, 1),
(379, 104, 27, 3.0000, 1, 223.070000, 1),
(380, 45, 74, 14.0000, 1, 54.690000, 1),
(381, 145, 89, 14.0000, 1, 247.880000, 1),
(382, 2, 11, 20.0000, 1, 419.840000, 1),
(383, 103, 29, 20.0000, 1, 186.870000, 1),
(384, 112, 50, 22.0000, 1, 303.990000, 1),
(385, 130, 23, 7.0000, 1, 386.010000, 1),
(386, 88, 15, 2.0000, 1, 123.660000, 1),
(387, 56, 39, 22.0000, 1, 490.570000, 1),
(388, 96, 93, 10.0000, 1, 437.430000, 1),
(389, 87, 37, 4.0000, 1, 244.570000, 1),
(390, 51, 80, 9.0000, 1, 192.960000, 1),
(391, 86, 54, 23.0000, 1, 78.840000, 1),
(392, 87, 93, 22.0000, 1, 108.570000, 1),
(393, 126, 80, 18.0000, 1, 130.090000, 1),
(394, 26, 9, 18.0000, 1, 207.900000, 1),
(395, 48, 18, 24.0000, 1, 162.980000, 1),
(396, 17, 21, 14.0000, 1, 245.100000, 1),
(397, 71, 50, 9.0000, 1, 1.970000, 1),
(398, 100, 96, 23.0000, 1, 30.670000, 1),
(399, 31, 36, 2.0000, 1, 259.660000, 1),
(400, 126, 70, 20.0000, 1, 495.290000, 1);

-- --------------------------------------------------------

--
-- Table structure for table `product`
--

CREATE TABLE `product` (
  `ProductID` int(11) NOT NULL,
  `Description` longtext NOT NULL,
  `CategoryID` int(11) NOT NULL,
  `Tags` varchar(50) CHARACTER SET utf8 COLLATE utf8_general_ci NOT NULL,
  `Comments` longtext NOT NULL,
  `Status` int(11) NOT NULL
) ENGINE=InnoDB DEFAULT CHARSET=utf8mb4 COLLATE=utf8mb4_general_ci;

--
-- Dumping data for table `product`
--

INSERT INTO `product` (`ProductID`, `Description`, `CategoryID`, `Tags`, `Comments`, `Status`) VALUES
(1, 'Smartphone', 1, 'smartphone, mobile, tech', 'High-performance smartphone with advanced features', 1),
(2, 'Laptop', 1, 'laptop, computer, tech', 'Powerful laptop for work and entertainment', 1),
(3, 'Wireless Headphones', 1, 'headphones, wireless, audio', 'Premium wireless headphones with noise cancellation', 1),
(4, 'Smart Watch', 1, 'smartwatch, wearable, tech', 'Smart watch with health monitoring and connectivity features', 1),
(5, 'Home Security Camera', 1, 'camera, security, home', 'HD camera for home security monitoring', 1),
(6, 'Tablet', 1, 'tablet, mobile, tech', 'Portable tablet for work and entertainment', 1),
(7, 'Desktop Computer', 1, 'desktop, computer, tech', 'Powerful desktop computer for home or office use', 1),
(8, 'Bluetooth Speaker', 1, 'bluetooth speaker, audio, wireless', 'Portable Bluetooth speaker with rich sound quality', 1),
(9, 'Gaming Console', 1, 'gaming console, video game, entertainment', 'High-performance gaming console for immersive gaming experience', 1),
(10, 'VR Headset', 1, 'VR headset, virtual reality, tech', 'Immersive VR headset for virtual reality experiences', 1),
(11, 'Classic Novel', 2, 'classic, novel, literature', 'Timeless classic novel loved by readers', 1),
(12, 'Cookbook', 2, 'cookbook, recipes, cooking', 'Comprehensive cookbook with delicious recipes', 1),
(13, 'Self-Help Guide', 2, 'self-help, guide, motivation', 'Practical self-help guide for personal growth', 1),
(14, 'Travel Memoir', 2, 'travel, memoir, adventure', 'Inspiring travel memoir of a global journey', 1),
(15, 'Photography Book', 2, 'photography, book, art', 'Beautifully illustrated photography book', 1),
(16, 'Art History Book', 2, 'art history, book, culture', 'Educational book on art history and culture', 1),
(17, 'Science Fiction Novel', 2, 'science fiction, novel, fiction', 'Engaging science fiction novel for enthusiasts', 1),
(18, 'Biography', 2, 'biography, book, life', 'Fascinating biography of an influential figure', 1),
(19, 'Poetry Collection', 2, 'poetry, collection, literature', 'Collection of poems by renowned poets', 1),
(20, 'Educational Textbook', 2, 'textbook, education, learning', 'Comprehensive educational textbook for students', 1),
(21, 'Men\'s Casual Shirt', 3, 'men, casual, shirt', 'Comfortable and stylish shirt for men', 1),
(22, 'Women\'s Formal Dress', 3, 'women, formal, dress', 'Elegant dress for formal occasions', 1),
(23, 'Kids\' Sports Shoes', 3, 'kids, sports, shoes', 'Durable and colorful sports shoes for kids', 1),
(24, 'Women\'s Handbag', 3, 'women, handbag, fashion', 'Fashionable and spacious handbag for women', 1),
(25, 'Men\'s Sunglasses', 3, 'men, sunglasses, fashion', 'Stylish sunglasses for men', 1),
(26, 'Women\'s Winter Coat', 3, 'women, coat, winter', 'Warm and stylish winter coat for women', 1),
(27, 'Men\'s Formal Suit', 3, 'men, suit, formal', 'Tailored formal suit for men', 1),
(28, 'Kids\' Summer Dress', 3, 'kids, dress, summer', 'Light and comfortable summer dress for kids', 1),
(29, 'Women\'s Boots', 3, 'women, boots, footwear', 'Fashionable and durable boots for women', 1),
(30, 'Men\'s Sports Jacket', 3, 'men, jacket, sports', 'Stylish and functional sports jacket for men', 1),
(31, 'Refrigerator', 4, 'refrigerator, kitchen, appliance', 'Energy-efficient refrigerator for home use', 1),
(32, 'Washing Machine', 4, 'washing machine, laundry, appliance', 'Automatic washing machine with multiple programs', 1),
(33, 'Microwave Oven', 4, 'microwave oven, kitchen, appliance', 'Compact microwave oven for quick meals', 1),
(34, 'Coffee Maker', 4, 'coffee maker, kitchen, appliance', 'Programmable coffee maker for brewing fresh coffee', 1),
(35, 'Air Conditioner', 4, 'air conditioner, cooling, appliance', 'Efficient air conditioner for cooling rooms', 1),
(36, 'Dishwasher', 4, 'dishwasher, kitchen, appliance', 'Automatic dishwasher for hassle-free dish cleaning', 1),
(37, 'Electric Kettle', 4, 'electric kettle, kitchen, appliance', 'Fast-boiling electric kettle for hot beverages', 1),
(38, 'Toaster Oven', 4, 'toaster oven, kitchen, appliance', 'Versatile toaster oven for toasting and baking', 1),
(39, 'Blender', 4, 'blender, kitchen, appliance', 'Powerful blender for smoothies and soups', 1),
(40, 'Juicer', 4, 'juicer, kitchen, appliance', 'Efficient juicer for fresh fruit and vegetable juices', 1),
(41, 'Yoga Mat', 5, 'yoga, mat, fitness', 'High-quality yoga mat for yoga and exercise routines', 1),
(42, 'Camping Tent', 5, 'tent, camping, outdoor', 'Durable and weather-resistant camping tent', 1),
(43, 'Bicycle Helmet', 5, 'helmet, bicycle, safety', 'Safety-certified helmet for cyclists', 1),
(44, 'Outdoor Backpack', 5, 'backpack, outdoor, travel', 'Spacious backpack for outdoor adventures', 1),
(45, 'Running Shoes', 5, 'running, shoes, athletic', 'Lightweight and supportive running shoes', 1),
(46, 'Fitness Tracker', 5, 'fitness tracker, wearable, health', 'Smart fitness tracker for tracking workouts and health metrics', 1),
(47, 'Basketball', 5, 'basketball, sports, game', 'Official basketball for indoor and outdoor play', 1),
(48, 'Tennis Racket', 5, 'tennis racket, sports, game', 'High-performance tennis racket for competitive play', 1),
(49, 'Golf Clubs Set', 5, 'golf clubs, set, golf', 'Complete set of golf clubs for golf enthusiasts', 1),
(50, 'Skiing Gear', 5, 'skiing gear, winter, sports', 'Essential skiing gear for winter sports enthusiasts', 1),
(51, 'Anti-Aging Cream', 6, 'anti-aging, cream, skincare', 'Effective anti-aging cream for youthful skin', 1),
(52, 'Hair Styling Tool', 6, 'hair styling, tool, beauty', 'Professional hair styling tool for salon-quality results', 1),
(53, 'Men\'s Grooming Kit', 6, 'grooming kit, men, skincare', 'Comprehensive grooming kit for men\'s skincare', 1),
(54, 'Fragrance Gift Set', 6, 'fragrance, perfume, gift', 'Luxurious fragrance gift set for special occasions', 1),
(55, 'Makeup Palette', 6, 'makeup, palette, beauty', 'Versatile makeup palette for creating various looks', 1),
(56, 'Skin Cleansing Brush', 6, 'skin cleansing, brush, skincare', 'Gentle and effective skin cleansing brush', 1),
(57, 'Electric Toothbrush', 6, 'electric toothbrush, oral care, dental', 'Advanced electric toothbrush for thorough cleaning', 1),
(58, 'Body Massager', 6, 'body massager, relaxation, wellness', 'Relaxing body massager for stress relief', 1),
(59, 'Nail Care Kit', 6, 'nail care, kit, beauty', 'Complete nail care kit for manicures and pedicures', 1),
(60, 'Facial Cleanser', 6, 'facial cleanser, skincare, cleansing', 'Gentle facial cleanser for daily skincare routine', 1),
(61, 'Car Dash Cam', 7, 'dash cam, automotive, safety', 'High-definition dash cam for vehicle safety', 1),
(62, 'Car Vacuum Cleaner', 7, 'vacuum cleaner, car, cleaning', 'Compact vacuum cleaner for car interiors', 1),
(63, 'Car Seat Covers', 7, 'seat covers, automotive, accessories', 'Durable and stylish car seat covers', 1),
(64, 'Car GPS Navigation System', 7, 'GPS navigation, car, travel', 'Advanced GPS navigation system for accurate directions', 1),
(65, 'Car Bluetooth Adapter', 7, 'bluetooth adapter, car, connectivity', 'Bluetooth adapter for wireless audio in cars', 1),
(66, 'Automotive Tool Set', 7, 'tool set, automotive, repair', 'Comprehensive tool set for automotive repairs', 1),
(67, 'Car Wash Kit', 7, 'car wash, kit, cleaning', 'Complete car wash kit for exterior cleaning', 1),
(68, 'Windshield Sun Shade', 7, 'sun shade, windshield, automotive', 'Foldable sun shade for car windshields', 1),
(69, 'Tire Pressure Gauge', 7, 'tire gauge, automotive, maintenance', 'Accurate tire pressure gauge for vehicle maintenance', 1),
(70, 'Car Air Freshener', 7, 'air freshener, car, fragrance', 'Long-lasting car air freshener for pleasant interiors', 1),
(71, 'Board Game', 8, 'board game, family, entertainment', 'Classic board game for family fun', 1),
(72, 'Remote Control Car', 8, 'remote control car, toy, kids', 'Exciting remote control car for kids and enthusiasts', 1),
(73, 'Puzzle Set', 8, 'puzzle set, puzzle, challenge', 'Challenging puzzle set for cognitive development', 1),
(74, 'Dollhouse Kit', 8, 'dollhouse kit, toy, creativity', 'Creative dollhouse kit for imaginative play', 1),
(75, 'Building Blocks Set', 8, 'building blocks, toy, construction', 'Educational building blocks set for creative building', 1),
(76, 'Educational Toy Robot', 8, 'educational toy, robot, STEM', 'Interactive educational robot for STEM learning', 1),
(77, 'Outdoor Playset', 8, 'outdoor playset, playground, kids', 'Durable outdoor playset for active play', 1),
(78, 'Art Supplies Kit', 8, 'art supplies, kit, creativity', 'Complete art supplies kit for artistic expression', 1),
(79, 'Action Figure Set', 8, 'action figures, toy, collectibles', 'Collection of action figures for fans and collectors', 1),
(80, 'Toy Musical Instrument', 8, 'musical instrument, toy, music', 'Fun toy musical instrument for young musicians', 1),
(81, 'Living Room Sofa', 9, 'sofa, living room, furniture', 'Comfortable and stylish sofa for living room', 1),
(82, 'Dining Table Set', 9, 'dining table, furniture, dining room', 'Elegant dining table set for family meals', 1),
(83, 'Bedroom Wardrobe', 9, 'wardrobe, bedroom, storage', 'Spacious wardrobe for bedroom storage', 1),
(84, 'Office Desk', 9, 'office desk, furniture, workspace', 'Functional office desk for productive work environment', 1),
(85, 'Outdoor Patio Furniture', 9, 'patio furniture, outdoor, relaxation', 'Durable outdoor furniture for patio relaxation', 1),
(86, 'Children\'s Bed Frame', 9, 'bed frame, children, bedroom', 'Sturdy bed frame for children\'s bedroom', 1),
(87, 'TV Stand', 9, 'TV stand, furniture, entertainment', 'Modern TV stand for media equipment', 1),
(88, 'Bar Stool Set', 9, 'bar stool, furniture, kitchen', 'Adjustable bar stool set for kitchen or bar area', 1),
(89, 'Bookshelf', 9, 'bookshelf, furniture, storage', 'Versatile bookshelf for organizing books and decor', 1),
(90, 'Garden Bench', 9, 'garden bench, outdoor, garden', 'Comfortable garden bench for outdoor relaxation', 1),
(91, 'Women\'s Designer Handbag', 10, 'women, handbag, fashion', 'Luxurious designer handbag for women', 1),
(92, 'Men\'s Leather Jacket', 10, 'men, jacket, leather', 'Stylish leather jacket for men', 1),
(93, 'Women\'s Evening Gown', 10, 'women, gown, evening', 'Elegant evening gown for special occasions', 1),
(94, 'Men\'s Formal Shoes', 10, 'men, shoes, formal', 'Classic formal shoes for men', 1),
(95, 'Women\'s Sunglasses', 10, 'women, sunglasses, fashion', 'Fashionable sunglasses for women', 1),
(96, 'Men\'s Business Suit', 10, 'men, suit, business', 'Tailored business suit for professional attire', 1),
(97, 'Women\'s Winter Boots', 10, 'women, boots, winter', 'Warm and stylish winter boots for women', 1),
(98, 'Men\'s Casual Shirt', 10, 'men, casual, shirt', 'Comfortable and versatile casual shirt for men', 1),
(99, 'Women\'s Handcrafted Jewelry', 10, 'women, jewelry, handcrafted', 'Exquisite handcrafted jewelry for women', 1),
(100, 'Men\'s Sportswear Set', 10, 'men, sportswear, athletic', 'Performance-enhancing sportswear set for men', 1);

-- --------------------------------------------------------

--
-- Table structure for table `purchase`
--

CREATE TABLE `purchase` (
  `PurchaseID` int(11) NOT NULL,
  `SupplierID` int(11) NOT NULL,
  `Description` varchar(50) CHARACTER SET utf8 COLLATE utf8_general_ci NOT NULL,
  `Date` datetime(3) NOT NULL,
  `Status` int(11) NOT NULL
) ENGINE=InnoDB DEFAULT CHARSET=utf8mb4 COLLATE=utf8mb4_general_ci;

--
-- Dumping data for table `purchase`
--

INSERT INTO `purchase` (`PurchaseID`, `SupplierID`, `Description`, `Date`, `Status`) VALUES
(1, 8, 'whom it may concern', '2024-01-12 22:43:11.283', 1),
(2, 10, 'whom it may concern', '2024-01-03 22:43:11.286', 1),
(3, 1, 'whom it may concern', '2023-11-03 22:43:11.286', 1),
(4, 8, 'whom it may concern', '2023-12-18 22:43:11.286', 1),
(5, 4, 'whom it may concern', '2024-04-04 22:43:11.286', 1),
(6, 1, 'whom it may concern', '2024-06-06 22:43:11.286', 1),
(7, 8, 'whom it may concern', '2023-12-31 22:43:11.286', 1),
(8, 10, 'whom it may concern', '2023-07-12 22:43:11.290', 1),
(9, 2, 'whom it may concern', '2023-07-03 22:43:11.290', 1),
(10, 6, 'whom it may concern', '2023-12-02 22:43:11.290', 1),
(11, 10, 'whom it may concern', '2024-03-12 22:43:11.290', 1),
(12, 6, 'whom it may concern', '2023-12-04 22:43:11.290', 1),
(13, 5, 'whom it may concern', '2023-10-03 22:43:11.290', 1),
(14, 4, 'whom it may concern', '2023-12-24 22:43:11.290', 1),
(15, 5, 'whom it may concern', '2024-05-22 22:43:11.290', 1),
(16, 9, 'whom it may concern', '2023-09-13 22:43:11.290', 1),
(17, 4, 'whom it may concern', '2023-07-07 22:43:11.293', 1),
(18, 4, 'whom it may concern', '2023-08-25 22:43:11.293', 1),
(19, 7, 'whom it may concern', '2024-05-21 22:43:11.293', 1),
(20, 4, 'whom it may concern', '2023-12-17 22:43:11.293', 1),
(21, 5, 'whom it may concern', '2024-03-01 22:43:11.293', 1),
(22, 2, 'whom it may concern', '2024-02-24 22:43:11.293', 1),
(23, 8, 'whom it may concern', '2024-02-10 22:43:11.296', 1),
(24, 6, 'whom it may concern', '2023-07-19 22:43:11.296', 1),
(25, 1, 'whom it may concern', '2024-03-03 22:43:11.296', 1),
(26, 3, 'whom it may concern', '2024-04-01 00:00:00.000', 1);

-- --------------------------------------------------------

--
-- Table structure for table `purchasedetail`
--

CREATE TABLE `purchasedetail` (
  `PurchaseDetailID` int(11) NOT NULL,
  `PurchaseID` int(11) NOT NULL,
  `ProductID` int(11) NOT NULL,
  `Quantity` int(11) NOT NULL,
  `UnitID` int(11) NOT NULL,
  `Price` decimal(18,6) NOT NULL,
  `Status` int(11) NOT NULL
) ENGINE=InnoDB DEFAULT CHARSET=utf8mb4 COLLATE=utf8mb4_general_ci;

--
-- Dumping data for table `purchasedetail`
--

INSERT INTO `purchasedetail` (`PurchaseDetailID`, `PurchaseID`, `ProductID`, `Quantity`, `UnitID`, `Price`, `Status`) VALUES
(1, 25, 1, 2, 1, 100.000000, 1),
(2, 3, 2, 3, 1, 75.500000, 1),
(3, 4, 3, 5, 1, 200.000000, 1),
(4, 5, 4, 9, 1, 50.000000, 1),
(5, 20, 5, 9, 1, 120.750000, 1),
(6, 20, 6, 2, 1, 180.250000, 1),
(7, 4, 7, 7, 1, 300.000000, 1),
(8, 5, 8, 9, 1, 85.000000, 1),
(9, 6, 9, 5, 1, 110.500000, 1),
(10, 10, 10, 5, 1, 95.750000, 1),
(11, 24, 11, 5, 1, 105.000000, 1),
(12, 6, 12, 6, 1, 80.250000, 1),
(13, 12, 13, 1, 1, 220.000000, 1),
(14, 22, 14, 6, 1, 55.500000, 1),
(15, 13, 15, 6, 1, 125.750000, 1),
(16, 2, 16, 6, 1, 185.250000, 1),
(17, 1, 17, 9, 1, 320.000000, 1),
(18, 23, 18, 1, 1, 90.000000, 1),
(19, 12, 19, 9, 1, 115.500000, 1),
(20, 11, 20, 7, 1, 100.750000, 1),
(21, 17, 21, 7, 1, 110.000000, 1),
(22, 11, 22, 7, 1, 85.250000, 1),
(23, 21, 23, 2, 1, 240.000000, 1),
(24, 19, 24, 8, 1, 60.500000, 1),
(25, 14, 25, 2, 1, 130.750000, 1),
(26, 22, 26, 10, 1, 190.250000, 1),
(27, 8, 27, 7, 1, 340.000000, 1),
(28, 16, 28, 1, 1, 95.000000, 1),
(29, 9, 29, 3, 1, 120.500000, 1),
(30, 21, 30, 7, 1, 105.750000, 1),
(31, 19, 31, 10, 1, 115.000000, 1),
(32, 7, 32, 9, 1, 90.250000, 1),
(33, 18, 33, 8, 1, 260.000000, 1),
(34, 10, 34, 4, 1, 65.500000, 1),
(35, 14, 35, 9, 1, 140.750000, 1),
(36, 15, 36, 4, 1, 200.250000, 1),
(37, 24, 37, 1, 1, 360.000000, 1),
(38, 5, 38, 7, 1, 100.000000, 1),
(39, 3, 39, 7, 1, 125.500000, 1),
(40, 7, 40, 4, 1, 110.750000, 1),
(41, 23, 41, 8, 1, 120.000000, 1),
(42, 16, 42, 8, 1, 95.250000, 1),
(43, 15, 43, 2, 1, 280.000000, 1),
(44, 17, 44, 3, 1, 70.500000, 1),
(45, 10, 45, 9, 1, 150.750000, 1),
(46, 25, 46, 3, 1, 210.250000, 1),
(47, 4, 47, 5, 1, 380.000000, 1),
(48, 8, 48, 6, 1, 105.000000, 1),
(49, 1, 49, 2, 1, 130.500000, 1),
(50, 13, 50, 4, 1, 115.750000, 1),
(51, 2, 51, 7, 1, 125.000000, 1),
(52, 18, 52, 7, 1, 100.250000, 1),
(53, 8, 53, 5, 1, 300.000000, 1),
(54, 11, 54, 10, 1, 75.500000, 1),
(55, 9, 55, 9, 1, 160.750000, 1),
(56, 6, 56, 7, 1, 220.250000, 1),
(57, 2, 57, 2, 1, 400.000000, 1),
(58, 7, 58, 9, 1, 110.000000, 1),
(59, 9, 59, 7, 1, 135.500000, 1),
(60, 3, 60, 5, 1, 120.750000, 1);

-- --------------------------------------------------------

--
-- Stand-in structure for view `returneditems`
-- (See below for the actual view)
--
CREATE TABLE `returneditems` (
`ProductID` int(11)
,`Category` varchar(50)
,`ReturnedProduct` longtext
,`Quantity` decimal(32,0)
);

-- --------------------------------------------------------

--
-- Table structure for table `returns`
--

CREATE TABLE `returns` (
  `ReturnsID` int(11) NOT NULL,
  `OrdersDetail` int(11) NOT NULL,
  `Quantity` int(11) NOT NULL,
  `Date` datetime(3) NOT NULL,
  `Status` int(11) NOT NULL
) ENGINE=InnoDB DEFAULT CHARSET=utf8mb4 COLLATE=utf8mb4_general_ci;

--
-- Dumping data for table `returns`
--

INSERT INTO `returns` (`ReturnsID`, `OrdersDetail`, `Quantity`, `Date`, `Status`) VALUES
(1, 338, 10, '2023-10-22 00:00:00.000', 1),
(2, 394, 10, '2023-03-01 00:00:00.000', 1),
(3, 114, 6, '2023-03-07 00:00:00.000', 1),
(4, 81, 3, '2023-05-23 00:00:00.000', 1),
(5, 184, 8, '2023-02-12 00:00:00.000', 1),
(6, 182, 6, '2023-08-03 00:00:00.000', 1),
(7, 107, 3, '2023-07-18 00:00:00.000', 1),
(8, 216, 8, '2023-06-12 00:00:00.000', 1),
(9, 175, 1, '2023-02-19 00:00:00.000', 1),
(10, 81, 7, '2023-08-31 00:00:00.000', 1),
(11, 226, 6, '2023-04-16 00:00:00.000', 1),
(12, 332, 4, '2023-07-02 00:00:00.000', 1),
(13, 19, 5, '2023-05-19 00:00:00.000', 1),
(14, 367, 1, '2023-08-26 00:00:00.000', 1),
(15, 270, 10, '2023-09-06 00:00:00.000', 1),
(16, 50, 2, '2023-06-04 00:00:00.000', 1),
(17, 286, 5, '2023-05-23 00:00:00.000', 1),
(18, 180, 3, '2023-08-16 00:00:00.000', 1),
(19, 144, 8, '2023-08-24 00:00:00.000', 1),
(20, 363, 6, '2023-06-03 00:00:00.000', 1),
(21, 67, 1, '2023-03-03 00:00:00.000', 1),
(22, 343, 9, '2023-11-18 00:00:00.000', 1),
(23, 14, 8, '2023-12-02 00:00:00.000', 1),
(24, 340, 3, '2023-12-23 00:00:00.000', 1),
(25, 129, 3, '2023-07-18 00:00:00.000', 1),
(26, 20, 2, '2023-12-14 00:00:00.000', 1),
(27, 348, 4, '2023-02-17 00:00:00.000', 1),
(28, 240, 9, '2023-06-30 00:00:00.000', 1),
(29, 204, 5, '2023-11-27 00:00:00.000', 1),
(30, 242, 6, '2023-05-01 00:00:00.000', 1),
(31, 153, 3, '2023-11-09 00:00:00.000', 1),
(32, 280, 6, '2023-01-21 00:00:00.000', 1),
(33, 333, 3, '2023-11-22 00:00:00.000', 1),
(34, 293, 5, '2023-10-24 00:00:00.000', 1),
(35, 214, 3, '2023-02-26 00:00:00.000', 1),
(36, 350, 9, '2023-02-22 00:00:00.000', 1),
(37, 38, 6, '2023-08-12 00:00:00.000', 1),
(38, 328, 6, '2023-01-15 00:00:00.000', 1),
(39, 282, 8, '2023-01-25 00:00:00.000', 1),
(40, 360, 7, '2023-04-24 00:00:00.000', 1),
(41, 312, 4, '2023-01-21 00:00:00.000', 1),
(42, 31, 10, '2023-02-16 00:00:00.000', 1),
(43, 166, 10, '2023-08-05 00:00:00.000', 1),
(44, 117, 10, '2023-09-06 00:00:00.000', 1),
(45, 256, 3, '2023-06-18 00:00:00.000', 1),
(46, 381, 6, '2023-01-04 00:00:00.000', 1),
(47, 326, 8, '2023-09-21 00:00:00.000', 1),
(48, 362, 1, '2023-04-18 00:00:00.000', 1),
(49, 119, 7, '2023-09-08 00:00:00.000', 1),
(50, 258, 2, '2023-09-01 00:00:00.000', 1),
(51, 133, 6, '2023-03-22 00:00:00.000', 1),
(52, 293, 8, '2023-12-07 00:00:00.000', 1),
(53, 206, 7, '2023-09-13 00:00:00.000', 1),
(54, 143, 9, '2023-08-24 00:00:00.000', 1),
(55, 309, 9, '2023-04-10 00:00:00.000', 1),
(56, 364, 8, '2023-11-15 00:00:00.000', 1),
(57, 42, 6, '2023-08-26 00:00:00.000', 1),
(58, 278, 9, '2023-04-22 00:00:00.000', 1),
(59, 232, 4, '2023-09-28 00:00:00.000', 1),
(60, 237, 1, '2023-06-13 00:00:00.000', 1),
(61, 300, 5, '2023-08-26 00:00:00.000', 1),
(62, 174, 7, '2023-05-13 00:00:00.000', 1),
(63, 261, 7, '2023-01-19 00:00:00.000', 1),
(64, 306, 7, '2023-07-10 00:00:00.000', 1),
(65, 264, 6, '2023-05-24 00:00:00.000', 1),
(66, 136, 5, '2023-04-19 00:00:00.000', 1),
(67, 51, 4, '2023-01-07 00:00:00.000', 1),
(68, 9, 2, '2023-09-01 00:00:00.000', 1),
(69, 80, 3, '2023-07-06 00:00:00.000', 1),
(70, 104, 5, '2023-08-04 00:00:00.000', 1),
(71, 242, 2, '2023-12-14 00:00:00.000', 1),
(72, 92, 8, '2023-04-01 00:00:00.000', 1),
(73, 183, 4, '2023-04-25 00:00:00.000', 1),
(74, 194, 6, '2023-08-31 00:00:00.000', 1),
(75, 14, 8, '2023-02-15 00:00:00.000', 1),
(76, 72, 2, '2023-07-21 00:00:00.000', 1),
(77, 35, 10, '2023-03-14 00:00:00.000', 1),
(78, 205, 8, '2023-01-08 00:00:00.000', 1),
(79, 226, 10, '2023-02-23 00:00:00.000', 1),
(80, 17, 1, '2023-05-22 00:00:00.000', 1),
(81, 157, 4, '2023-02-23 00:00:00.000', 1),
(82, 365, 3, '2023-06-14 00:00:00.000', 1),
(83, 253, 8, '2023-09-18 00:00:00.000', 1),
(84, 315, 3, '2023-09-09 00:00:00.000', 1),
(85, 229, 5, '2023-09-26 00:00:00.000', 1),
(86, 169, 9, '2023-03-23 00:00:00.000', 1),
(87, 341, 1, '2023-07-09 00:00:00.000', 1),
(88, 210, 3, '2023-12-05 00:00:00.000', 1),
(89, 281, 10, '2023-05-19 00:00:00.000', 1),
(90, 109, 1, '2023-08-22 00:00:00.000', 1),
(91, 226, 4, '2023-09-05 00:00:00.000', 1),
(92, 389, 7, '2023-12-19 00:00:00.000', 1),
(93, 157, 9, '2023-02-24 00:00:00.000', 1),
(94, 374, 8, '2023-03-29 00:00:00.000', 1),
(95, 182, 7, '2023-11-30 00:00:00.000', 1),
(96, 46, 8, '2023-01-07 00:00:00.000', 1),
(97, 66, 1, '2023-02-14 00:00:00.000', 1),
(98, 207, 10, '2023-12-19 00:00:00.000', 1),
(99, 247, 6, '2023-11-25 00:00:00.000', 1),
(100, 201, 10, '2023-12-17 00:00:00.000', 1);

-- --------------------------------------------------------

--
-- Table structure for table `supplier`
--

CREATE TABLE `supplier` (
  `SupplierID` int(11) NOT NULL,
  `Name` varchar(50) NOT NULL,
  `Address` longtext NOT NULL,
  `Telephone` varchar(50) CHARACTER SET utf8 COLLATE utf8_general_ci NOT NULL,
  `Notes` varchar(50) CHARACTER SET utf8 COLLATE utf8_general_ci NOT NULL,
  `Status` int(11) NOT NULL
) ENGINE=InnoDB DEFAULT CHARSET=utf8mb4 COLLATE=utf8mb4_general_ci;

--
-- Dumping data for table `supplier`
--

INSERT INTO `supplier` (`SupplierID`, `Name`, `Address`, `Telephone`, `Notes`, `Status`) VALUES
(1, 'Supplier A', '123 Supplier St, City, Country', '123-456-7890', 'Quality supplier', 1),
(2, 'Supplier B', '456 Supplier Ave, Town, Country', '456-789-0123', 'Secondary supplier', 1),
(3, 'Supplier C', '789 Supplier Rd, Village, Country', '789-012-3456', 'Tertiary supplier', 1),
(4, 'Supplier D', '101 Supplier Blvd, Metropolis, Country', '123-987-6543', 'Primary supplier', 1),
(5, 'Supplier E', '202 Supplier Lane, Hamlet, Country', '456-321-0987', 'Reliable supplier', 1),
(6, 'Supplier F', '303 Supplier Circle, District, Country', '789-654-3210', 'Preferred supplier', 1),
(7, 'Supplier G', '404 Supplier Way, Suburb, Country', '012-345-6789', 'New supplier', 1),
(8, 'Supplier H', '505 Supplier Street, Borough, Country', '345-678-9012', 'Specialized items', 1),
(9, 'Supplier I', '606 Supplier Avenue, Locale, Country', '678-901-2345', 'On-time deliveries', 1),
(10, 'Supplier J', '707 Supplier Place, Region, Country', '901-234-5678', 'Affordable prices', 1);

-- --------------------------------------------------------

--
-- Table structure for table `unit`
--

CREATE TABLE `unit` (
  `UnitID` int(11) NOT NULL,
  `Name` varchar(50) NOT NULL
) ENGINE=InnoDB DEFAULT CHARSET=utf8mb4 COLLATE=utf8mb4_general_ci;

--
-- Dumping data for table `unit`
--

INSERT INTO `unit` (`UnitID`, `Name`) VALUES
(1, 'units'),
(2, 'kg'),
(3, 'cm'),
(4, 'grams'),
(5, 'liters'),
(6, 'meters'),
(7, 'pieces'),
(8, 'packs'),
(9, 'boxes'),
(10, 'bottles');

-- --------------------------------------------------------

--
-- Structure for view `bestselling`
--
DROP TABLE IF EXISTS `bestselling`;

CREATE ALGORITHM=UNDEFINED DEFINER=`root`@`localhost` SQL SECURITY DEFINER VIEW `bestselling`  AS SELECT `ordersdetail`.`ProductID` AS `ProductID`, `category`.`Name` AS `Category`, `product`.`Description` AS `Product`, sum(`ordersdetail`.`Quantity`) AS `TotalAmount`, sum(`ordersdetail`.`Price`) AS `TotalPrice`, `supplier`.`SupplierID` AS `SupplierID`, `supplier`.`Name` AS `Supplier`, `supplier`.`Notes` AS `SupplierType` FROM (((((`ordersdetail` join `product` on(`ordersdetail`.`ProductID` = `product`.`ProductID`)) join `purchasedetail` on(`product`.`ProductID` = `purchasedetail`.`ProductID`)) join `purchase` on(`purchasedetail`.`PurchaseID` = `purchase`.`PurchaseID`)) join `supplier` on(`purchase`.`SupplierID` = `supplier`.`SupplierID`)) join `category` on(`product`.`CategoryID` = `category`.`CategoryID`)) GROUP BY `ordersdetail`.`ProductID`, `product`.`Description`, `supplier`.`SupplierID`, `supplier`.`Name`, `category`.`Name`, `supplier`.`Notes` ORDER BY sum(`ordersdetail`.`Quantity`) DESC LIMIT 0, 10 ;

-- --------------------------------------------------------

--
-- Structure for view `customerpurchases`
--
DROP TABLE IF EXISTS `customerpurchases`;

CREATE ALGORITHM=UNDEFINED DEFINER=`root`@`localhost` SQL SECURITY DEFINER VIEW `customerpurchases`  AS SELECT `customer`.`CustomerID` AS `CustomerID`, `customer`.`Name` AS `Customer`, sum(`ordersdetail`.`Price`) AS `TotalPurchase` FROM ((`customer` join `orders` on(`customer`.`CustomerID` = `orders`.`CustomerID`)) join `ordersdetail` on(`orders`.`OrdersID` = `ordersdetail`.`OrdersID`)) WHERE `orders`.`Status` = 1 AND `ordersdetail`.`Status` = 1 GROUP BY `customer`.`CustomerID`, `customer`.`Name`, `orders`.`Status`, `ordersdetail`.`Status` ORDER BY sum(`ordersdetail`.`Price`) DESC LIMIT 0, 100 ;

-- --------------------------------------------------------

--
-- Structure for view `fashionproducts`
--
DROP TABLE IF EXISTS `fashionproducts`;

CREATE ALGORITHM=UNDEFINED DEFINER=`root`@`localhost` SQL SECURITY DEFINER VIEW `fashionproducts`  AS SELECT `product`.`ProductID` AS `ProductID`, `product`.`Description` AS `Product`, `product`.`Comments` AS `Comments`, date_format(`orders`.`Date`,'%M') AS `OrderMonth`, count(0) AS `TotalOrders`, sum(`ordersdetail`.`Quantity`) AS `TotalQuantity` FROM (((`category` join `product` on(`category`.`CategoryID` = `product`.`CategoryID`)) join `ordersdetail` on(`product`.`ProductID` = `ordersdetail`.`ProductID`)) join `orders` on(`ordersdetail`.`OrdersID` = `orders`.`OrdersID`)) WHERE `category`.`CategoryID` = 10 AND `category`.`Status` = 1 AND `orders`.`Date` >= last_day(current_timestamp()) - interval dayofmonth(last_day(current_timestamp())) - 1 day - interval 1 month AND `orders`.`Date` < last_day(current_timestamp()) - interval dayofmonth(last_day(current_timestamp())) - 1 day GROUP BY `product`.`ProductID`, date_format(`orders`.`Date`,'%M') ;

-- --------------------------------------------------------

--
-- Structure for view `numberofproducts`
--
DROP TABLE IF EXISTS `numberofproducts`;

CREATE ALGORITHM=UNDEFINED DEFINER=`root`@`localhost` SQL SECURITY DEFINER VIEW `numberofproducts`  AS SELECT `supplier`.`SupplierID` AS `SupplierID`, `supplier`.`Name` AS `Supplier`, `supplier`.`Address` AS `Address`, `supplier`.`Telephone` AS `Telephone`, `supplier`.`Notes` AS `SupplierType`, count(`product`.`ProductID`) AS `Products_count` FROM (((`purchase` join `supplier` on(`purchase`.`SupplierID` = `supplier`.`SupplierID`)) join `purchasedetail` on(`purchase`.`PurchaseID` = `purchasedetail`.`PurchaseID`)) join `product` on(`purchasedetail`.`ProductID` = `product`.`ProductID`)) WHERE `purchase`.`Status` = 1 AND `product`.`Status` = 1 GROUP BY `supplier`.`SupplierID`, `supplier`.`Name`, `supplier`.`Address`, `supplier`.`Telephone`, `supplier`.`Notes`, `purchase`.`Status`, `product`.`Status` ORDER BY count(`product`.`ProductID`) DESC LIMIT 0, 100 ;

-- --------------------------------------------------------

--
-- Structure for view `returneditems`
--
DROP TABLE IF EXISTS `returneditems`;

CREATE ALGORITHM=UNDEFINED DEFINER=`root`@`localhost` SQL SECURITY DEFINER VIEW `returneditems`  AS SELECT `product`.`ProductID` AS `ProductID`, `category`.`Name` AS `Category`, `product`.`Description` AS `ReturnedProduct`, sum(`returns`.`Quantity`) AS `Quantity` FROM (((`returns` join `ordersdetail` on(`returns`.`OrdersDetail` = `ordersdetail`.`OrdersDetail`)) join `product` on(`ordersdetail`.`ProductID` = `product`.`ProductID`)) join `category` on(`product`.`CategoryID` = `category`.`CategoryID`)) WHERE `returns`.`Status` = 1 GROUP BY `product`.`ProductID`, `category`.`Name`, `product`.`Description`, `returns`.`Status` ;

--
-- Indexes for dumped tables
--

--
-- Indexes for table `category`
--
ALTER TABLE `category`
  ADD PRIMARY KEY (`CategoryID`);

--
-- Indexes for table `customer`
--
ALTER TABLE `customer`
  ADD PRIMARY KEY (`CustomerID`);

--
-- Indexes for table `image`
--
ALTER TABLE `image`
  ADD PRIMARY KEY (`ImageID`),
  ADD KEY `FK_Image_Product` (`ProductID`);

--
-- Indexes for table `orders`
--
ALTER TABLE `orders`
  ADD PRIMARY KEY (`OrdersID`),
  ADD KEY `FK_Orders_Customer` (`CustomerID`);

--
-- Indexes for table `ordersdetail`
--
ALTER TABLE `ordersdetail`
  ADD PRIMARY KEY (`OrdersDetail`),
  ADD KEY `FK_OrdersDetail_Product` (`ProductID`),
  ADD KEY `FK_OrdersDetail_Unit` (`UnitID`),
  ADD KEY `FK_ReturnsDetail_Orders` (`OrdersID`);

--
-- Indexes for table `product`
--
ALTER TABLE `product`
  ADD PRIMARY KEY (`ProductID`),
  ADD KEY `FK_Product_Category` (`CategoryID`);

--
-- Indexes for table `purchase`
--
ALTER TABLE `purchase`
  ADD PRIMARY KEY (`PurchaseID`),
  ADD KEY `FK_Purchase_Supplier` (`SupplierID`);

--
-- Indexes for table `purchasedetail`
--
ALTER TABLE `purchasedetail`
  ADD PRIMARY KEY (`PurchaseDetailID`),
  ADD KEY `FK_PurchaseDetail_Product` (`ProductID`),
  ADD KEY `FK_PurchaseDetail_Purchase` (`PurchaseID`),
  ADD KEY `FK_PurchaseDetail_Unit` (`UnitID`);

--
-- Indexes for table `returns`
--
ALTER TABLE `returns`
  ADD PRIMARY KEY (`ReturnsID`),
  ADD KEY `FK_Returns_OrdersDetail` (`OrdersDetail`);

--
-- Indexes for table `supplier`
--
ALTER TABLE `supplier`
  ADD PRIMARY KEY (`SupplierID`);

--
-- Indexes for table `unit`
--
ALTER TABLE `unit`
  ADD PRIMARY KEY (`UnitID`);

--
-- Constraints for dumped tables
--

--
-- Constraints for table `image`
--
ALTER TABLE `image`
  ADD CONSTRAINT `FK_Image_Product` FOREIGN KEY (`ProductID`) REFERENCES `product` (`ProductID`);

--
-- Constraints for table `orders`
--
ALTER TABLE `orders`
  ADD CONSTRAINT `FK_Orders_Customer` FOREIGN KEY (`CustomerID`) REFERENCES `customer` (`CustomerID`);

--
-- Constraints for table `ordersdetail`
--
ALTER TABLE `ordersdetail`
  ADD CONSTRAINT `FK_OrdersDetail_Product` FOREIGN KEY (`ProductID`) REFERENCES `product` (`ProductID`),
  ADD CONSTRAINT `FK_OrdersDetail_Unit` FOREIGN KEY (`UnitID`) REFERENCES `unit` (`UnitID`),
  ADD CONSTRAINT `FK_ReturnsDetail_Orders` FOREIGN KEY (`OrdersID`) REFERENCES `orders` (`OrdersID`);

--
-- Constraints for table `product`
--
ALTER TABLE `product`
  ADD CONSTRAINT `FK_Product_Category` FOREIGN KEY (`CategoryID`) REFERENCES `category` (`CategoryID`);

--
-- Constraints for table `purchase`
--
ALTER TABLE `purchase`
  ADD CONSTRAINT `FK_Purchase_Supplier` FOREIGN KEY (`SupplierID`) REFERENCES `supplier` (`SupplierID`);

--
-- Constraints for table `purchasedetail`
--
ALTER TABLE `purchasedetail`
  ADD CONSTRAINT `FK_PurchaseDetail_Product` FOREIGN KEY (`ProductID`) REFERENCES `product` (`ProductID`),
  ADD CONSTRAINT `FK_PurchaseDetail_Purchase` FOREIGN KEY (`PurchaseID`) REFERENCES `purchase` (`PurchaseID`),
  ADD CONSTRAINT `FK_PurchaseDetail_Unit` FOREIGN KEY (`UnitID`) REFERENCES `unit` (`UnitID`);

--
-- Constraints for table `returns`
--
ALTER TABLE `returns`
  ADD CONSTRAINT `FK_Returns_OrdersDetail` FOREIGN KEY (`OrdersDetail`) REFERENCES `ordersdetail` (`OrdersDetail`);
SET FOREIGN_KEY_CHECKS=1;
COMMIT;

/*!40101 SET CHARACTER_SET_CLIENT=@OLD_CHARACTER_SET_CLIENT */;
/*!40101 SET CHARACTER_SET_RESULTS=@OLD_CHARACTER_SET_RESULTS */;
/*!40101 SET COLLATION_CONNECTION=@OLD_COLLATION_CONNECTION */;
